sampler_label,aggregate_report_count,average,aggregate_report_median,aggregate_report_90%_line,aggregate_report_min,aggregate_report_max,aggregate_report_error%,aggregate_report_rate,aggregate_report_bandwidth
Claim Search:128 /,10,893,870,916,833,1075,0.0,5.060728744939271,29.321585589574898
Claim Search:129 /LoginAndHome/UserLogin/ChangePassword,10,738,667,758,585,1299,0.0,5.707762557077626,1.7167879566210045
Claim Search:130 /LoginAndHome/UserLogin/LandingPage,10,923,900,995,789,1120,0.0,4.935834155972359,1.4894265177690031
Claim Search:131 /LoginAndHome/LandingPage/LandingPage,10,4429,2918,7875,1271,12520,0.0,0.7558578987150416,82.7051740835223
Claim Search:132 /LoginAndHome/PVMyMessages/GetMyMessageList,10,313,314,332,273,346,0.0,0.877654906090925,0.3025509588379849
Claim Search:133 /LoginAndHome/PVMyMessages/ShowHideText,10,320,322,337,274,355,0.0,0.8726764988218868,0.24714471158041715
Claim Search:134 /Search/ClaimSearch/ClaimSearch,10,5148,4384,6713,2656,11053,0.0,0.5592215635834917,114.77585700704618
Claim Search:135 /Search/ClaimSearch/SearchByResult,10,351,305,327,264,848,0.0,0.6451612903225806,1.3438760080645162
Claim Search:136 /Search/ClaimSearch/SearchByResult,10,307,306,335,268,336,0.0,0.6457862447529867,1.3451777930255087
Claim Search:139 /Search/ClaimSearch/SearchByDateResult,10,302,305,325,269,326,0.0,0.6458279514337381,0.4932006425988117
Claim Search:138 /Search/ClaimSearch/SearchByResult,10,445,290,333,263,1782,0.0,0.6459531038046638,1.3455253617337382
Claim Search:137 /Search/ClaimSearch/SearchByResult,10,303,314,326,262,331,0.0,0.6442053726728081,1.3418848241319332
Claim Search:140 /Search/ClaimSearch/SearchByDateResult,10,293,289,322,260,327,0.0,0.6455361177457879,0.4929777774191466
Claim Search:141 /Search/ClaimSearch/OperatorForSearchResult,10,310,308,334,269,339,0.0,0.6466632177961718,0.5317289349456803
Claim Search:142 /Search/ClaimSearch/OperatorForSearchResult,10,449,327,896,267,1002,0.0,0.6459948320413437,0.7715348433462532
Claim Search:143 /Search/ClaimSearch/OperatorForSearchResult,10,321,311,353,264,416,0.0,0.6723141051499261,0.3263087014253059
Claim Search:144 /Search/ClaimSearch/OperatorForSearchResult,10,841,398,1899,300,3173,0.0,0.6714113065664026,2.719084656573117
Claim Search:145 /Search/ClaimSearch/Search,10,12030,12044,14562,7825,15115,0.0,0.4380777149866386,178.9179548889473
TOTAL,180,1595,329,4384,260,15115,0.0,5.164400068858668,214.18278972643026
